CustomerID,FirstName,LastName,PhoneNumber,RegistrationDate
1,Ashley,Gordon,(765)779-5232x2569,2025-05-06
2,Angela,Lee,(393)584-4242,2024-04-03
3,Mario,Arnold,003.280.6387,2023-12-18
4,Dylan,Davis,(016)516-6044x026,2024-12-18
5,Jessica,Paul,235.110.2759,2024-01-26
6,Chelsea,Fuentes,715-746-1424,2024-12-03
7,Michael,Morris,990.677.7326,2023-08-05
8,James,Lewis,(901)108-4040x351,2025-04-13
9,Joseph,Ortega,+1-859-911-6811x80447,2023-10-21
10,Gina,Kelley,001-699-849-8622x99740,2024-06-21
11,Kathleen,Alvarez,213-004-1796x052,2024-06-06
12,Christopher,Leach,3588061625,2023-06-10
13,Diana,Powell,001-963-752-7543x028,2024-01-12
14,Danielle,Hancock,(298)908-0103x357,2024-02-22
15,Jessica,Hanna,001-047-570-6680x15810,2024-06-18
16,Kimberly,Roberts,+1-298-102-9568x3077,2023-11-21
17,Paul,Smith,349.445.7040x1969,2024-11-20
18,Charles,Rice,001-846-792-0988x27790,2023-08-18
19,Craig,Romero,933.182.8799x68998,2024-10-20
20,Kenneth,Duncan,001-451-264-7534,2025-01-29
21,Morgan,Cox,001-797-2196x838,2025-01-08
22,Crystal,Castillo,(978)461-1870x175,2025-02-11
23,Russell,Martinez,001-363-750-5789x4733,2025-01-08
24,Lori,Macias,001-555-467-5320,2024-09-22
25,Daniel,Floyd,240-541-0638x863,2024-05-24
26,Leslie,Myers,258.912.2876x14532,2024-11-19
27,Shirley,Patel,682-839-1214x732,2025-03-08
28,Kayla,Li,+1-796-138-8883x47118,2023-08-03
29,Rodney,Arnold,451-641-3914x32008,2023-08-11
30,Thomas,Vazquez,696.161.2127,2023-06-06
31,Anthony,Clark,001-295-888-4446x418,2025-05-04
32,Mary,Griffin,019.306.9195x07110,2024-05-13
33,Amy,Moore,+1-119-879-1915x541,2023-09-02
34,Jon,Powell,+1-957-129-2830x49178,2023-07-02
35,Samantha,Frost,001-060-993-0081,2023-06-05
36,Brian,Haley,666-197-5823x67360,2023-06-14
37,Jason,Garner,030.022.7580x90807,2024-03-26
38,Sue,Ware,001-799-246-8801x9979,2023-10-05
39,Mike,Jones,1727968256,2024-07-10
40,Brittany,Patrick,419.022.8638,2025-02-20
41,Richard,Leach,828-887-0726x65142,2023-08-30
42,John,Wells,(987)669-9258x8771,2023-07-04
43,Michael,Lowery,+1-521-776-1926x765,2025-03-07
44,Wayne,Richardson,9065584892,2023-12-27
45,Patrick,Hernandez,001-512-353-0280,2024-10-28
46,Jeffrey,Huynh,544.928.6209x80763,2024-11-23
47,Andrew,Wright,(043)708-6372x9754,2025-01-24
48,John,Meyer,480-167-1621,2024-02-16
49,Michael,Coleman,001-470-489-1689x4264,2023-10-06
50,Karen,Montgomery,001-374-446-8997x16376,2023-08-18
51,Jasmine,Nolan,0239973830,2024-12-06
52,Linda,Lee,827-764-0298x70734,2023-10-06
53,Lauren,Callahan,9945278127,2024-04-07
54,Jenna,Combs,(840)638-5120,2025-05-02
55,Julie,Smith,750-617-1138,2025-02-24
56,William,Huynh,(367)568-4063x84593,2025-05-17
57,Brian,Chavez,+1-915-831-7217x70047,2024-02-15
58,John,Roy,7107811309,2024-06-04
59,Heather,Carson,+1-523-655-6575,2024-03-29
60,Jeffrey,Flores,+1-888-884-4427x47471,2023-08-17
61,Diane,Sutton,001-297-860-4014,2024-08-20
62,Michelle,Yates,531-392-6879x68290,2023-12-23
63,Earl,Hernandez,132-338-9724,2023-06-05
64,Angela,Walker,637-942-0666,2024-01-30
65,Rodney,Kim,901.849.1081x084,2024-05-15
66,Mark,Lamb,130.982.7913x2713,2024-06-24
67,Michael,Butler,001-507-298-7841,2025-03-08
68,Michael,Woods,(999)256-3287x9690,2023-11-19
69,James,Meyer,6680069093,2023-09-08
70,Valerie,Jackson,001-143-477-4266x8653,2023-07-14
71,Denise,Howell,372.013.1446x1519,2024-04-04
72,Nathan,Pena,786.053.9134,2025-04-17
73,Kenneth,Hayes,2147837919,2024-06-10
74,Joseph,Paul,438.504.7166x2762,2024-09-15
75,Ronald,Stewart,685-858-9697,2023-08-09
76,Susan,Taylor,738.515.0223x371,2024-07-14
77,Alexandra,Flores,8066775002,2023-12-12
78,Thomas,Ross,533.585.4992,2024-09-27
79,Lori,Richardson,018.495.2477x38147,2024-02-11
80,Corey,Moody,430.947.9259x3445,2024-08-09
81,Margaret,Nguyen,446-090-0943x93180,2023-10-06
82,Joe,Green,(675)330-0165x10651,2023-09-01
83,Donna,Carlson,+1-712-708-1105x3203,2023-12-16
84,Sarah,Ortiz,227-511-3428x310,2023-10-09
85,Joshua,Nguyen,568.770.6841x00646,2024-06-09
86,Jason,Rollins,541.198.2804x797,2024-07-30
87,Stephen,Walton,(060)755-3438x17898,2024-09-12
88,Tara,Cannon,(990)180-3132x944,2024-07-05
89,Robert,Banks,+1-747-083-3216,2023-11-07
90,Jerome,Gray,(043)461-2234,2024-03-01
91,Brent,Brooks,(003)515-1421,2024-08-04
92,Jasmine,Cuevas,521-276-6458x79597,2023-07-02
93,Destiny,Reyes,429-903-5643x810,2024-04-14
94,Anthony,Mccann,3685477683,2024-12-07
95,Erika,Davis,+1-749-170-1436x70837,2024-01-23
96,John,Hoffman,2251362857,2024-11-03
97,Scott,Harding,(274)305-9230,2023-10-18
98,Amber,James,8272854434,2024-01-04
99,Jamie,Hall,038-719-8384,2024-05-14
100,April,Zhang,8209529070,2024-08-08
