PaymentID,CustomerID,Amount,PaymentDate,Status
1,25,50.0,2024-07-16,Pending
2,26,50.0,2024-08-14,Pending
3,20,10.0,2024-12-15,Pending
4,29,25.0,2024-08-11,Pending
5,68,50.0,2025-03-17,Paid
6,9,25.0,2025-03-01,Pending
7,32,50.0,2025-02-28,Paid
8,69,50.0,2024-11-25,Paid
9,51,10.0,2024-08-30,Pending
10,32,25.0,2024-08-01,Pending
11,100,10.0,2025-01-04,Pending
12,56,50.0,2024-07-04,Paid
13,39,50.0,2024-10-09,Paid
14,17,10.0,2025-04-09,Pending
15,30,25.0,2024-12-22,Pending
16,43,50.0,2024-07-08,Paid
17,36,10.0,2025-02-28,Pending
18,82,25.0,2024-09-26,Pending
19,93,25.0,2024-12-26,Paid
20,50,10.0,2024-08-28,Paid
21,1,10.0,2024-11-07,Paid
22,51,10.0,2025-05-09,Paid
23,78,25.0,2024-07-03,Paid
24,73,10.0,2025-05-07,Pending
25,72,50.0,2024-10-14,Paid
26,54,50.0,2025-02-18,Paid
27,18,50.0,2025-01-13,Paid
28,67,50.0,2025-03-24,Paid
29,34,50.0,2024-07-31,Pending
30,43,50.0,2024-11-10,Paid
31,54,25.0,2025-02-23,Paid
32,96,25.0,2025-02-01,Paid
33,37,25.0,2024-10-17,Pending
34,58,10.0,2024-08-18,Pending
35,61,50.0,2025-04-13,Paid
36,83,10.0,2024-05-25,Paid
37,13,10.0,2025-03-13,Paid
38,78,10.0,2024-09-08,Paid
39,99,10.0,2024-06-19,Pending
40,6,50.0,2024-10-27,Paid
41,67,10.0,2024-12-03,Paid
42,100,10.0,2025-05-06,Paid
43,28,50.0,2025-04-10,Pending
44,49,50.0,2024-05-29,Paid
45,86,25.0,2024-12-31,Paid
46,62,25.0,2024-06-25,Pending
47,36,50.0,2025-04-23,Paid
48,64,10.0,2025-01-09,Pending
49,100,10.0,2024-12-08,Paid
50,56,10.0,2025-03-10,Pending
51,5,25.0,2024-07-12,Paid
52,85,10.0,2025-01-23,Paid
53,52,10.0,2025-04-04,Paid
54,40,25.0,2024-12-21,Paid
55,80,25.0,2025-02-19,Pending
56,71,50.0,2024-12-28,Paid
57,68,50.0,2025-01-06,Pending
58,37,50.0,2024-11-18,Paid
59,29,50.0,2024-05-21,Pending
60,60,25.0,2025-05-07,Pending
61,67,50.0,2025-02-20,Pending
62,68,25.0,2024-12-11,Pending
63,32,25.0,2024-08-07,Pending
64,61,50.0,2024-11-16,Paid
65,47,10.0,2024-05-25,Pending
66,7,25.0,2024-07-06,Paid
67,74,10.0,2025-02-20,Paid
68,100,10.0,2025-03-03,Pending
69,58,25.0,2025-03-31,Paid
70,74,50.0,2024-08-17,Pending
71,83,50.0,2024-12-04,Pending
72,60,25.0,2024-10-22,Paid
73,85,25.0,2024-08-13,Paid
74,17,10.0,2024-07-14,Pending
75,37,25.0,2024-10-28,Pending
76,2,25.0,2024-11-13,Paid
77,13,10.0,2025-01-24,Paid
78,44,10.0,2024-11-18,Pending
79,81,10.0,2024-11-01,Paid
80,12,50.0,2025-03-20,Pending
81,87,25.0,2024-08-17,Pending
82,36,10.0,2024-10-26,Pending
83,19,25.0,2024-07-30,Paid
84,77,25.0,2025-04-24,Paid
85,28,50.0,2025-04-09,Paid
86,73,50.0,2025-05-09,Paid
87,96,50.0,2025-03-07,Paid
88,34,10.0,2025-04-22,Pending
89,47,10.0,2024-12-20,Paid
90,57,50.0,2025-05-11,Pending
91,97,10.0,2024-10-02,Paid
92,46,10.0,2025-05-03,Paid
93,100,10.0,2024-11-18,Paid
94,8,10.0,2024-12-13,Paid
95,95,10.0,2024-08-16,Pending
96,64,10.0,2024-10-01,Pending
97,50,50.0,2024-12-06,Pending
98,49,25.0,2024-06-29,Pending
99,50,10.0,2024-11-02,Pending
100,32,10.0,2025-01-22,Paid
101,91,25.0,2025-03-05,Pending
102,36,25.0,2024-07-04,Pending
103,28,50.0,2024-12-12,Paid
104,54,10.0,2025-01-28,Pending
105,33,10.0,2025-04-09,Paid
106,50,50.0,2024-11-11,Paid
107,70,50.0,2024-11-02,Paid
108,81,25.0,2024-11-24,Pending
109,96,25.0,2024-08-01,Pending
110,77,50.0,2024-08-28,Pending
111,50,25.0,2024-05-24,Pending
112,18,25.0,2025-02-12,Paid
113,71,10.0,2024-09-06,Pending
114,89,25.0,2025-03-03,Pending
115,31,10.0,2024-07-05,Paid
116,22,25.0,2024-09-19,Pending
117,89,10.0,2025-04-22,Paid
118,57,10.0,2024-08-30,Paid
119,95,10.0,2024-09-07,Paid
120,10,50.0,2025-04-03,Pending
121,92,50.0,2024-08-10,Paid
122,28,10.0,2024-06-11,Pending
123,55,50.0,2024-11-22,Pending
124,88,50.0,2024-11-06,Pending
125,83,25.0,2024-07-09,Pending
126,89,50.0,2024-07-24,Paid
127,38,10.0,2025-01-24,Pending
128,15,25.0,2024-10-30,Paid
129,62,50.0,2024-08-17,Paid
130,26,10.0,2024-09-30,Pending
131,24,25.0,2025-03-07,Paid
132,3,50.0,2024-10-22,Pending
133,60,10.0,2025-03-24,Pending
134,6,25.0,2025-01-04,Pending
135,100,50.0,2025-03-10,Paid
136,60,25.0,2024-08-22,Pending
137,25,50.0,2024-06-07,Pending
138,90,50.0,2024-08-30,Paid
139,61,25.0,2025-04-02,Pending
140,63,50.0,2025-04-18,Pending
141,39,50.0,2024-11-22,Paid
142,23,25.0,2025-01-01,Pending
143,73,25.0,2025-01-03,Pending
144,98,25.0,2024-09-01,Paid
145,74,10.0,2024-07-07,Pending
146,17,50.0,2024-05-27,Pending
147,37,10.0,2024-06-07,Pending
148,36,50.0,2024-11-27,Paid
149,57,10.0,2024-06-27,Paid
150,38,10.0,2025-02-08,Pending
151,48,10.0,2025-05-05,Paid
152,91,50.0,2024-12-29,Pending
153,8,10.0,2024-07-20,Paid
154,31,10.0,2025-03-29,Paid
155,5,25.0,2025-01-05,Paid
156,97,50.0,2025-04-20,Pending
157,17,25.0,2024-06-16,Pending
158,10,25.0,2025-01-09,Pending
159,21,25.0,2025-04-19,Paid
160,39,10.0,2024-10-27,Paid
161,91,50.0,2024-09-27,Pending
162,68,25.0,2024-10-16,Pending
163,55,10.0,2024-10-12,Paid
164,30,50.0,2024-07-22,Paid
165,13,25.0,2025-04-10,Paid
166,36,10.0,2024-07-21,Paid
167,47,50.0,2025-04-29,Pending
168,51,25.0,2024-10-29,Paid
169,61,50.0,2025-01-26,Pending
170,97,10.0,2024-06-02,Pending
171,20,50.0,2024-09-27,Pending
172,13,10.0,2025-01-11,Paid
173,5,50.0,2024-11-16,Pending
174,28,50.0,2025-04-11,Paid
175,49,50.0,2025-03-01,Paid
176,14,50.0,2025-03-13,Pending
177,84,25.0,2025-05-08,Pending
178,3,25.0,2025-04-17,Paid
179,81,10.0,2025-03-01,Paid
180,85,25.0,2024-12-11,Pending
181,76,25.0,2024-09-08,Pending
182,4,10.0,2024-09-03,Pending
183,10,10.0,2024-10-03,Pending
184,38,10.0,2024-11-27,Paid
185,49,10.0,2025-01-11,Paid
186,36,50.0,2024-11-15,Pending
187,12,10.0,2025-04-26,Pending
188,87,50.0,2024-11-19,Paid
189,6,10.0,2024-11-26,Pending
190,37,50.0,2024-09-06,Pending
191,75,10.0,2025-05-01,Pending
192,51,25.0,2025-04-18,Pending
193,49,25.0,2025-04-08,Pending
194,78,10.0,2024-07-03,Pending
195,98,25.0,2024-07-07,Paid
196,5,50.0,2024-11-05,Pending
197,71,10.0,2025-04-10,Pending
198,66,50.0,2024-08-02,Paid
199,38,25.0,2024-06-18,Pending
200,3,25.0,2024-12-06,Paid
